LAT	LONG	Water depth	Stations/Facies
-16.500	-151.800	10.0	BB14
-16.500	-151.800	0.5	BB19
-16.500	-151.800	3.0	BB28
-16.500	-151.800	13.0	BB1
-16.500	-151.800	22.0	BB2
-16.500	-151.800	26.0	BB29
-16.500	-151.800	28.0	BB4
-16.500	-151.800	48.0	BB9
-16.500	-151.800	26.0	BB12
-16.500	-151.800	22.0	BB26
-16.500	-151.800	20.0	BB10
-16.500	-151.800	16.0	BB11
-16.500	-151.800	2.0	BB13
-16.500	-151.800	9.0	BB17
-16.500	-151.800	29.0	BB18
-16.500	-151.800	30.0	BB31
-16.500	-151.800	34.0	BB5
-16.500	-151.800	20.0	BB6
-16.500	-151.800	35.0	BB7
-16.500	-151.800	25.0	BB16
-16.500	-151.800	11.0	BB21
-16.500	-151.800	5.0	BB22
-16.500	-151.800	0.5	BB23
-16.500	-151.800	0.0	BB30
-16.500	-151.800	10.0	BB3
-16.500	-151.800	10.0	BB8
-16.500	-151.800	40.0	BB15
-16.500	-151.800	30.0	BB20
-16.500	-151.800	4.0	BB24
-16.500	-151.800	2.0	BB25
3.800	72.800	7.0	A1
3.800	72.800	1.0	A2
3.800	72.800	50.0	A3
3.800	72.800	47.0	A4
3.800	72.800	27.0	A5
3.800	72.800	4.0	A6
3.800	72.800	35.0	A7
3.800	72.800	2.0	A8
3.800	72.800	42.0	A9
3.800	72.800	50.0	A10
3.800	72.800	50.0	A11
3.800	72.800	0.0	A12
3.800	72.800	52.0	A13
3.800	72.800	72.0	A14
3.800	72.800	64.0	A15
3.800	72.800	45.0	A16
3.800	72.800	50.0	A17
3.800	72.800	55.0	A18
3.800	72.800	55.0	A19
3.800	72.800	40.0	A20
3.800	72.800	7.0	A21
3.800	72.800	15.0	A22
3.800	72.800	3.0	A23
4.200	72.300	5.0	R1
4.200	72.300	4.0	R2
4.200	72.300	20.0	R3
4.200	72.300	30.0	R4
4.200	72.300	35.0	R6
4.200	72.300	38.0	R7
4.200	72.300	35.0	R8
4.200	72.300	25.0	R9
4.200	72.300	13.0	R10
4.200	72.300	10.0	R11
4.200	72.300	1.5	R12
4.200	72.300	1.5	R13
4.200	72.300	7.0	R14
4.200	72.300	17.0	R15
4.200	72.300	28.0	R16
4.200	72.300	30.0	R17
4.200	72.300	35.0	R18
4.200	72.300	2.0	R19
4.200	72.300	40.0	R20
4.200	72.300	40.0	R21
4.200	72.300	33.0	R22
4.200	72.300	40.0	R23
4.200	72.300	30.0	R24
4.200	72.300	23.0	R25
4.200	72.300	1.0	R26
4.200	72.300	38.0	R27
4.200	72.300	35.0	R28
24.800	-80.600	11.0	Florida
24.800	-80.600	1.0	Florida
22.500	-89.700	11.0	Alacràn
22.500	-89.700	6.0	Alacràn
25.100	-78.000	11.0	Andros
21.700	-73.800	11.0	Hogsty
21.700	-73.800	6.0	Hogsty
12.400	-81.500	11.0	Courtown
12.400	-81.500	6.0	Courtown
12.200	-81.800	11.0	Albuquerque
12.200	-81.800	6.0	Albuquerque
13.500	-80.000	11.0	Roncador
13.500	-80.000	6.0	Roncador
14.400	-80.200	11.0	Serrana
14.400	-80.200	6.0	Serrana est
14.400	-80.200	6.0	Serrana ovest
16.800	-87.800	20.0	Belize (Glovers)
16.800	-87.800	8.0	Belize (Glovers)
17.300	-87.500	10.0	Belize (Lighthouse)
17.300	-87.500	4.0	Belize (Lighthouse)
17.400	-87.800	12.0	Belize (Turneffe)
17.400	-87.800	3.0	Belize (Turneffe)
17.701	-88.041	0.5	Cay Chapel 1
17.701	-88.041	0.5	Cay Chapel 2
17.248	-88.054	0.5	Rendezvouz Cay
16.898	-88.062	0.5	Tobacco Cay
16.816	-88.082	0.5	Southwater Cay. NE
16.816	-88.082	0.5	Southwater Cay. SW
16.805	-88.082	0.5	Carrie Bow Cay
16.442	-88.036	0.5	NE Sapodilla Cay
16.105	-88.271	7.0	Hunting Cay
17.919	-76.820	0.5	Lime Cay
23.157	-75.116	0.5	Deadman Cay
17.420	-88.072	0.5	Grand Bogue
17.170	-87.903	0.5	Cay Bokel
16.688	-88.188	0.5	Northeast Cay
22.591	-74.343	0.5	Long Cay
16.740	-87.809	0.5	Middle Cay
16.740	-87.809	0.5	Southwest Cay
17.463	-87.489	7.0	Sandbore Cay
24.574	-75.936	0.5	Halfmoon Cay. SE
24.574	-75.936	0.5	Halfmoon Cay. SW
21.305	-71.638	0.0	Ambergris Cay
17.463	-87.489	0.0	Cay Chapel
17.000	-88.000	0.0	Harry Jones Pt.
17.420	-88.072	0.0	Grand Bogue
17.701	-88.041	0.0	Calabash Cay
17.166	-87.903	0.7	Cay Bokel +0.7 m
17.701	-88.041	1.5	Cay Bokel +1.5 m
16.688	-88.188	0.0	Northern Cay
17.701	-88.041	0.5	Cay Chapel
17.000	-88.000	0.5	Harry Jones Pt.
17.701	-88.041	0.5	Calabash Cay
17.701	-88.041	0.5	Cay Bokel
22.591	-74.343	0.5	Long Cay. windward
22.591	-74.343	0.5	Long Cay. leeward
17.463	-87.489	0.5	Sandbore Cay
24.571	-75.929	0.5	Halfmoon. windward
24.571	-75.929	0.5	Halfmoon. leeward
17.463	-87.489	0.0	Cay Chapel
17.311	-87.801	0.0	Blackbird Cay
17.000	-88.000	0.0	Harry Jones Pt.
17.166	-87.903	0.0	Cay Bokel
22.591	-74.343	0.0	Long Cay
24.571	-75.929	0.0	Halfmoon. windward
24.571	-75.929	0.0	Halfmoon. Leeward
0.300	-91.800	10.5	Far North
0.500	-89.700	10.5	North
-1.200	-89.400	10.5	Central East
-1.200	-91.900	10.5	West
-0.500	-91.200	10.5	Elizabeth
8.400	-79.400	68.0	Golfo di Panama
7.700	-81.700	97.0	Golfo di Chiriquì
19.850	-17.206	40.0	11511B
19.928	-17.214	40.0	11511C
20.003	-17.264	40.0	11511D
20.053	-17.325	40.0	11511E
20.112	-17.363	40.0	11511F
20.157	-17.388	40.0	11511G
20.568	-17.211	40.0	11513
20.552	-17.307	40.0	11514
20.644	-17.133	10.0	11515
20.684	-17.044	10.0	11516
20.737	-16.966	120.0	11522
20.409	-17.694	40.0	11524
20.400	-17.414	40.0	11525
20.504	-17.292	40.0	11526
20.715	-17.145	10.0	11527
20.701	-17.097	10.0	11528
20.637	-17.039	40.0	11529
20.611	-17.097	40.0	11530
20.559	-17.163	40.0	11531
20.464	-17.257	40.0	11532
20.299	-17.330	40.0	11533
20.329	-17.366	40.0	11534
20.232	-17.388	40.0	11535
20.076	-17.565	75.0	11540
20.431	-17.226	40.0	11547
20.287	-17.371	40.0	11549
19.748	-16.943	10.0	11591
19.730	-16.966	10.0	11593
19.753	-17.006	40.0	11594
19.770	-17.049	40.0	11595
20.715	-17.072	10.0	11597
20.711	-16.991	10.0	11601
20.637	-17.077	40.0	11602
20.819	-17.032	10.0	11603
20.817	-17.032	10.0	11604
20.725	-17.062	10.0	11606
20.765	-16.996	10.0	11607
20.702	-17.651	120.0	11613
20.722	-17.515	75.0	11614
57.700	-136.400	80.0	BIH
56.900	-135.600	30.0	BGR
56.900	-135.600	30.0	BGW
56.900	-135.600	30.0	BFB
56.900	-135.600	30.0	BFW
56.900	-135.600	30.0	BGF
56.900	-135.600	30.0	BGI
56.900	-135.600	30.0	BIA
41.300	9.200	2.0	RL1
41.300	9.200	3.0	RL2
41.300	9.200	2.5	RL3
41.300	9.200	4.0	RP1
41.300	9.200	3.0	RP2
41.300	9.200	2.5	RP3
41.300	9.200	3.0	RP4
41.300	9.200	4.0	RP5
41.300	9.200	3.5	RP6
41.300	9.200	2.5	RP7
41.300	9.200	2.5	LM1
41.300	9.200	4.0	LM2
41.300	9.200	4.5	LM3
40.900	12.900	47.0	minau89be91
40.900	12.900	48.0	minau89be92
40.900	12.900	60.0	minau89be105
40.900	12.900	104.0	mine89be107
40.900	12.900	78.0	mine89be108
40.900	12.900	78.0	mine89be109
40.900	12.900	98.0	mine89be118
40.900	12.900	98.0	mine89be119
40.900	12.900	81.0	mine89be141
40.900	12.900	81.0	mine89be143
40.900	12.900	68.0	mine89be144-146
40.900	12.900	32.0	mine89be151
40.900	12.900	46.0	mine89be159
40.900	12.900	54.0	mine89be160
40.900	12.900	61.0	mine89be163
40.900	12.900	61.0	mine89be164
40.900	12.900	61.0	mine89be181
17.100	-87.800	6.6	L1-100/105
17.100	-87.800	7.6	L1-210/215
17.100	-87.800	8.1	L2-90/95
17.100	-87.800	9.1	L2-180/185
17.100	-87.800	3.0	L3-85/90
17.100	-87.800	9.0	L4-40/45
17.100	-87.800	10.0	L4-125/130
17.100	-87.800	11.0	L4-240/245
17.100	-87.800	3.9	L5-55/60
17.100	-87.800	5.0	L5-250/255
17.100	-87.800	6.0	L5-340/345
17.100	-87.800	5.7	L6-00/05
17.100	-87.800	6.7	L6-120/125
17.100	-87.800	8.7	L6-205/210
17.100	-87.800	10.0	G1-75/80
17.100	-87.800	12.0	G1-300/305
17.100	-87.800	15.0	G1-525/530
17.100	-87.800	10.0	G2-30/35
17.100	-87.800	11.0	G2-165/170
17.100	-87.800	13.0	G2-300/305
17.100	-87.800	13.0	G4-70/75
17.100	-87.800	15.0	G4-240/245
17.100	-87.800	14.0	G5-70/75
17.100	-87.800	16.0	G5-235/240
17.100	-87.800	18.0	G5-420/425
17.100	-87.800	15.0	G6-120/125
17.100	-87.800	16.0	G6-225/230
17.100	-87.800	13.0	G7-120/125
17.100	-87.800	15.0	G7-285/290
17.100	-87.800	17.0	G8-255/260
17.100	-87.800	15.3	G9-00/05
17.100	-87.800	16.3	G9-100/105
17.100	-87.800	1.0	T1-75/80
17.100	-87.800	2.0	T1-165/170
17.100	-87.800	1.5	T4-85/90
17.100	-87.800	2.5	T4-165/170
17.100	-87.800	4.0	T5-70/75
17.100	-87.800	1.7	T6-165/170
17.100	-87.800	4.0	T6-325/330
17.100	-87.800	4.0	T7-60/65
17.100	-87.800	6.0	T7-235/240
17.100	-87.800	8.0	T7-505/510
17.100	-87.800	3.3	T9-00/05
17.100	-87.800	3.9	T9-60/65
17.100	-87.800	1.0	T14-90/95
17.100	-87.800	6.0	T15-100/105
28.750	48.500	0.0	K 004
28.750	48.500	0.0	K 005
28.750	48.500	2.9	K 011
28.750	48.500	3.3	K 126
28.750	48.500	0.0	K 127
28.750	48.500	4.3	K 010
28.750	48.500	4.5	K 012
28.750	48.500	7.6	K 013
28.750	48.500	5.0	K 014
28.750	48.500	4.5	K 019
28.750	48.500	2.8	K 020
28.750	48.500	0.0	K 021
28.750	48.500	5.5	K 022
28.750	48.500	1.6	K 023
28.750	48.500	1.0	K 024
28.750	48.500	6.3	K 025
28.750	48.500	5.5	K 041
28.750	48.500	4.3	K 042
28.750	48.500	7.5	K 044
28.750	48.500	3.5	K 045
28.750	48.500	2.0	K 046
28.750	48.500	3.5	K 055
28.750	48.500	1.5	K 056
28.750	48.500	1.2	K 057
28.750	48.500	1.0	K 059
28.750	48.500	2.0	K 060
28.750	48.500	5.7	K 063
28.750	48.500	2.8	K 064
28.750	48.500	2.5	K 078
28.750	48.500	6.0	K 105
28.750	48.500	3.0	K 106
28.750	48.500	1.5	K 107
28.750	48.500	1.8	K 112
28.750	48.500	4.6	K 113
28.750	48.500	4.8	K 114
28.750	48.500	10.5	K 117
28.750	48.500	21.0	K 118
28.750	48.500	10.0	K001
28.750	48.500	13.5	K003
28.750	48.500	8.0	K006
28.750	48.500	9.5	K007
28.750	48.500	10.2	K008
28.750	48.500	6.3	K009
28.750	48.500	8.5	K 015
28.750	48.500	8.2	K 017
28.750	48.500	6.4	K 018
28.750	48.500	11.0	K 026
28.750	48.500	15.0	K 027
28.750	48.500	13.3	K 043
28.750	48.500	8.5	K 047
28.750	48.500	13.5	K 048
28.750	48.500	16.5	K 049
28.750	48.500	12.5	K 050
28.750	48.500	10.0	K 051
28.750	48.500	9.5	K 052
28.750	48.500	7.5	K 053
28.750	48.500	6.8	K 054
28.750	48.500	14.0	K 061
28.750	48.500	13.2	K 062
28.750	48.500	16.2	K 065
28.750	48.500	8.3	K 079
28.750	48.500	10.7	K 080
28.750	48.500	16.2	K 081
28.750	48.500	16.5	K 083
28.750	48.500	157.5	K 084
28.750	48.500	15.3	K 085
28.750	48.500	14.2	K 086
28.750	48.500	17.3	K 087
28.750	48.500	10.0	K 091
28.750	48.500	18.0	K 092
28.750	48.500	23.0	K 098
28.750	48.500	15.0	K 099
28.750	48.500	12.2	K 100
28.750	48.500	12.0	K 103
28.750	48.500	9.0	K 104
28.750	48.500	12.8	K 109
28.750	48.500	2.3	K 110
28.750	48.500	2.9	K 111
28.750	48.500	6.0	K 115
28.750	48.500	8.0	K 116
28.750	48.500	14.5	K 122
28.750	48.500	12.0	K 123
28.750	48.500	9.0	K 124
28.750	48.500	6.0	K 125
28.750	48.500	10.4	K 128
28.750	48.500	10.0	K 130
28.750	48.500	7.5	K 131
28.750	48.500	7.5	K 132
28.750	48.500	5.2	K 133
28.750	48.500	7.0	K 134
28.750	48.500	10.4	K 135
28.750	48.500	14.0	K 136
28.750	48.500	18.0	K 002
28.750	48.500	20.5	K 028
28.750	48.500	25.0	K 029
28.750	48.500	22.0	K 030
28.750	48.500	16.0	K 031
28.750	48.500	22.5	K 066
28.750	48.500	25.0	K 067
28.750	48.500	31.5	K 068
28.750	48.500	23.5	K 069
28.750	48.500	17.0	K 070
28.750	48.500	17.2	K 071
28.750	48.500	25.0	K 072
28.750	48.500	28.0	K 076
28.750	48.500	25.0	K 077
28.750	48.500	17.5	K 082
28.750	48.500	19.7	K 088
28.750	48.500	25.7	K 093
28.750	48.500	28.5	K 094
28.750	48.500	33.7	K 095
28.750	48.500	35.0	K 096
28.750	48.500	28.8	K 097
28.750	48.500	15.5	K 101
28.750	48.500	19.0	K 102
28.750	48.500	15.0	K 108
28.750	48.500	26.0	K 120
28.750	48.500	16.8	K 121
28.750	48.500	13.0	K 129
28.750	48.500	18.4	K 137
28.750	48.500	7.8	K 016
28.750	48.500	0.0	K 033
28.750	48.500	0.0	K 035
28.750	48.500	10.5	K 039
28.750	48.500	0.0	K 040
28.750	48.500	1.0	K 058
28.750	48.500	0.0	K 074
28.750	48.500	0.0	K 075
53.000	-14.000	501.0	1
53.000	-14.000	396.0	2
53.000	-14.000	406.0	3
53.000	-14.000	486.0	4
53.000	-14.000	951.0	5
53.000	-14.000	481.0	6
53.000	-14.000	386.0	7
53.000	-14.000	346.0	8
53.000	-14.000	356.0	9
53.000	-14.000	391.0	10
53.000	-14.000	401.0	11
53.000	-14.000	466.0	12
53.000	-14.000	311.0	13
53.000	-14.000	281.0	14
53.000	-14.000	391.0	15
53.000	-14.000	506.0	16
53.000	-14.000	1046.0	17
53.000	-14.000	686.0	18
53.000	-14.000	386.0	19
53.000	-14.000	236.0	20
53.000	-14.000	206.0	21
53.000	-14.000	246.0	22
53.000	-14.000	346.0	23
53.000	-14.000	221.0	24
53.000	-14.000	181.0	25
53.000	-14.000	181.0	26
53.000	-14.000	231.0	27
53.000	-14.000	486.0	28
53.000	-14.000	896.0	29
53.000	-14.000	636.0	30
53.000	-14.000	196.0	31
53.000	-14.000	161.0	32
53.000	-14.000	202.0	33
53.000	-14.000	256.0	34
53.000	-14.000	236.0	35
53.000	-14.000	166.0	36
53.000	-14.000	171.0	37
53.000	-14.000	216.0	38
53.000	-14.000	271.0	39
53.000	-14.000	891.0	40
53.000	-14.000	486.0	41
53.000	-14.000	286.0	42
53.000	-14.000	226.0	43
53.000	-14.000	216.0	44
53.000	-14.000	266.0	45
76.700	15.600	80.0	
40.930	12.942	150.0	b004
40.930	12.942	100.0	b005
40.800	13.000	76.0	b028
40.884	12.902	82.0	b031
40.884	12.902	60.0	b032
40.884	12.902	60.0	b045
40.884	12.902	70.0	b046
40.930	12.942	50.0	b047
40.800	13.000	85.0	b069
40.884	12.902	101.0	b070
40.884	12.902	58.0	b072
40.930	12.942	20.0	b075
40.937	12.858	25.0	b080
40.800	13.000	60.0	b104
40.937	12.858	15.0	b112
40.976	13.014	100.0	b116
40.901	12.993	99.0	b141
40.901	12.993	80.0	b142
40.901	12.993	49.0	b143
40.901	12.993	53.0	b166
40.800	13.000	77.0	b196
40.976	13.014	100.0	b198
40.800	13.000	170.0	b205
40.800	13.000	250.0	b205
40.800	13.000	240.0	b206
40.800	13.000	80.0	b216
40.800	13.000	80.0	b224
40.971	12.992	100.0	b225
40.971	12.992	126.0	b230
40.971	12.992	112.0	b240
40.906	12.806	71.0	b244
40.884	12.902	65.0	b246
40.884	12.902	106.0	b257
18.000	-87.000	1.0	fore/deep reef
18.000	-87.000	1.0	reef/pavement
18.000	-87.000	2.0	cays
18.000	-87.000	1.0	patch reef
18.000	-87.000	2.0	sand apron
18.000	-87.000	2.0	shallow lagoon
18.000	-87.000	8.0	deep lagoon
17.400	-87.800	4.0	mangrove lagoon
23.400	-109.400	20.0	Golfo di California
61.000	-2.000	70.0	1
60.000	-2.000	50.0	2
59.000	-2.000	90.0	3
58.000	-8.000	50.0	4
56.000	-9.000	100.0	5
58.000	-8.000		6
57.500	-2.600	50.0	7
57.000	-14.000		8
57.500	-14.000	150.0	9
57.000	-14.000		10
56.600	-14.500	150.0	11
40.000	4.100	2.0	A
40.000	4.100	7.0	B
40.000	4.100	15.0	C
40.000	4.100	15.0	D
42.000	11.900	7.5	S6
42.000	11.900	8.0	S13
42.000	11.900	9.0	S59
42.000	11.900	9.0	S66
42.000	11.900	10.0	S3
42.000	11.900	10.0	S4
42.000	11.900	10.0	S53
42.000	11.900	10.5	S5
42.000	11.900	11.0	S70
42.000	11.900	11.5	S69
42.000	11.900	12.0	S67
42.000	11.900	12.5	S37
42.000	11.900	13.5	S33
40.889	12.971	5.0	G056
40.889	12.971	6.0	G057
40.889	12.971	7.0	G058
40.889	12.971	8.0	G059
40.889	12.971	9.0	G060
40.889	12.971	10.0	G061
40.889	12.971	11.0	G062
40.889	12.971	12.0	G063
40.889	12.971	13.0	G064
40.889	12.971	14.0	G065
40.889	12.971	15.0	G066
40.889	12.971	15.8	PP1
40.889	12.971	17.0	PP2
40.889	12.971	18.4	PP3
40.889	12.971	19.2	PP4
40.889	12.971	20.9	PP5
40.889	12.971	34.5	PP6
40.889	12.971	29.0	PP7
40.889	12.971	25.6	PP8
40.889	12.971	22.0	PP9
-40.200	174.800	80.0	
-34.100	172.100		
-35.500	174.700	118.0	
-40.200	174.800	80.0	
-45.900	170.900	133.0	
-46.700	168.400	25.0	
-48.100	166.900	152.0	
25.000	-79.000	10.0	Coralgal facies
25.000	-79.000	10.0	Oolitic facies
25.000	-79.000	10.0	Grapestone facies
25.000	-79.000	10.0	Pellet-mud facies
25.000	-79.000	10.0	Mud facies
69.700	18.500	10.0	Maerl
69.700	18.500	57.0	Algal gravel sand
69.700	18.500	57.0	Bivalve-coralline algal muddy sand
69.700	18.500	57.0	Echinoderm-bivalve-foraminifer sand
69.700	18.500	57.0	Barnacle-bivalve-echinoderm sand
69.700	18.500	60.0	Bryozoan-bivalve-barnacle sand
69.700	18.500	45.0	Barnacle-foraminifer sand
69.700	18.500	50.0	Foraminifer-bryozoan sand
24.500	-81.400	8.0	LKS-1
24.500	-81.400	6.0	LKS-2
24.500	-81.400	8.0	LKS-3
24.500	-81.400	5.0	LKS-4
24.500	-81.400	6.0	LKS-5
24.500	-81.400	5.0	LKS-6
24.500	-81.400	10.0	LKS-7
24.500	-81.400	9.0	LKS-8
24.500	-81.400	10.0	LKS-9
24.500	-81.400	10.0	LKS-10
24.500	-81.400	10.0	LKS-11
24.500	-81.400	9.0	LKS-12
24.500	-81.400	11.0	LKS-13
24.500	-81.400	10.0	LKS-14
24.500	-81.400	10.0	LKS-15
24.500	-81.400	11.0	LKS-16
24.500	-81.400	9.0	LKS-17
24.500	-81.400	11.0	LKS-18
24.500	-81.400	7.0	LKS-19
24.500	-81.400	7.0	LKS-20
24.500	-81.400	8.0	LKS-21
24.500	-81.400	8.0	LKS-22
24.500	-81.400	8.0	LKS-23 A
24.500	-81.400	8.0	LKS-23 B
24.500	-81.400	6.0	LKS-24
24.500	-81.400	6.0	LKS-25
24.500	-81.400	6.0	LKS-26
24.500	-81.400	9.0	LKS-27
24.500	-81.400	10.0	LKS-28
24.500	-81.400	10.0	LKS-29
24.500	-81.400	6.0	LKS-30
24.500	-81.400	9.0	LKS-31
24.500	-81.400	10.0	LKS-32
24.500	-81.400	9.0	LKS-33
24.500	-81.400	9.0	LKS-34
24.500	-81.400	10.0	LKS-35
24.500	-81.400	11.0	LKS-36
24.500	-81.400	12.0	LKS-37
24.500	-81.400	9.0	LKS-38
24.500	-81.400	9.0	LKS-39
24.500	-81.400	8.0	LKS-40
24.500	-81.400	13.0	LKS-41
24.500	-81.400	13.0	LKS-42
24.500	-81.400	9.0	LKS-43
24.500	-81.400	8.0	LKS-44
24.500	-81.400	11.0	LKS-45
24.500	-81.400	11.0	LKS-46
24.500	-81.400	10.0	LKS-47
24.500	-81.400	11.0	LKS-48
24.500	-81.400	10.0	LKS-49
24.500	-81.400	8.0	LKS-50
24.500	-81.400	10.0	LKS-51
24.500	-81.400	10.0	LKS-52
24.500	-81.400	10.0	LKS-53
24.500	-81.400	10.0	LKS-54
24.500	-81.400	10.0	LKS-55
24.500	-81.400	10.0	LKS-56
24.500	-81.400	10.0	LKS-57
24.500	-81.400	10.0	LKS-58
24.500	-81.400	10.0	LKS-59
24.500	-81.400	10.0	LKS-60
24.500	-81.400	10.0	LKS-61
24.500	-81.400	10.0	LKS-62
24.500	-81.400	10.0	LKS-63
24.500	-81.400	10.0	LKS-64
24.500	-81.400	10.0	LKS-65
24.500	-81.400	20.0	LKS-66
24.500	-81.400	30.0	LKS-67
24.500	-81.400	10.0	LKS-68
24.500	-81.400	10.0	LKS-69
24.500	-81.400	10.0	LKS-70
24.500	-81.400	25.0	LKS-71
24.500	-81.400	20.0	LKS-72
24.500	-81.400	15.0	LKS-73
24.500	-81.400	15.0	LKS-74
24.500	-81.400	20.0	LKS-75
24.500	-81.400	40.0	LKS-76
24.500	-81.400	38.0	LKS-77
24.500	-81.400	30.0	LKS-78
24.500	-81.400	30.0	LKS-79
24.500	-81.400	40.0	LKS-80
24.500	-81.400	35.0	LKS-81
24.500	-81.400	35.0	LKS-82
24.500	-81.400	15.0	LKS-83
24.500	-81.400	40.0	LKS-84
24.500	-81.400	40.0	LKS-85
24.500	-81.400	32.0	LKS-86
24.500	-81.400	32.0	LKS-87
24.500	-81.400	40.0	LKS-88
24.500	-81.400	30.0	LKS-89
24.500	-81.400	45.0	LKS-90
24.500	-81.400	45.0	LKS-91
24.500	-81.400	45.0	LKS-92
24.500	-81.400	45.0	LKS-93
24.500	-81.400	45.0	LKS-94
24.500	-81.400	45.0	LKS-95
-11.600	144.000	3.0	Upper forereef
-11.600	144.000	1.0	Algal-turf zone
-11.600	144.000	3.0	Rubble zone
-11.600	144.000	5.0	Central coral zone
-11.600	144.000	0.5	Nearshore reef flat
-11.600	144.000	0.0	Sand cay
9.900	122.300	1.0	W1
9.900	122.300	1.5	W2
9.900	122.300	1.5	W3
9.900	122.300	2.0	W4
9.900	122.300	3.0	W5
9.900	122.300	3.5	W6
9.900	122.300	5.0	W7
9.900	122.300	10.0	W8
9.900	122.300	14.0	W9
9.900	122.300	15.0	W10
9.900	122.300	18.0	W11
9.900	122.300	22.0	W12
9.900	122.300	28.0	W13
9.900	122.300	0.5	L1
9.900	122.300	1.0	L2
9.900	122.300	2.0	L3
9.900	122.300	4.0	L4
9.900	122.300	6.0	L5
9.900	122.300	12.0	L6
9.900	122.300	20.0	L7
9.900	122.300	25.0	L8
9.900	122.300	28.0	L9
9.900	122.300	1.5	LG1
9.900	122.300	2.0	LG2
9.900	122.300	2.0	LG3
9.900	122.300	2.5	LG4
9.900	122.300	2.5	LG5
9.900	122.300	2.5	LG6
29.500	34.900	5.0	Terrigenous facies
29.500	34.900	40.0	Terrigenous-coral facies
29.500	34.900	20.0	Coral-molluscan-foraminiferal facies
29.500	34.900	5.0	Coral-coralline algal facies
-12.800	45.300	25.0	Outer reef and passes
-12.800	45.300	3.0	Reef flat
-12.800	45.300	25.0	lagoon with coral buildups
-12.800	45.300	25.0	muddy sand with corals
-12.800	45.300	25.0	muddy sand
-12.800	45.300	25.0	mud
-5.700	123.700	5.0	HSB41
-5.500	123.700	5.0	HSB42
-5.500	123.700	5.0	HGG1
-5.500	123.700	5.0	HGG2
-5.500	123.700	5.0	HGG3
-5.500	123.700	5.0	HGG4
-5.500	123.700	5.0	HGG5
-5.500	123.700	5.0	HGG6
-5.500	123.700	5.0	HGG7
-5.500	123.700	5.0	HGG8
-5.500	123.700	5.0	HGG9
-5.500	123.700	5.0	HGG10
-5.500	123.700	8.0	PK5
-5.500	123.700	8.0	PK10
-5.500	123.700	8.0	PK11
-5.500	123.700	8.0	PK12
-5.500	123.700	8.0	PK13
-5.500	123.700	8.0	PK14
-5.500	123.700	8.0	PK15
-5.500	123.700	8.0	PK16
-5.500	123.700	8.0	PK17
-5.500	123.700	8.0	PK18
-5.500	123.700	8.0	PK19
-5.500	123.700	8.0	PK20
-5.500	123.700	8.0	PK21
-5.500	123.700	8.0	HB3-6
-5.500	123.700	8.0	HB3-7
-5.500	123.700	8.0	HSB2S-1
-5.500	123.700	8.0	HSB2S-2
-5.500	123.700	8.0	HSB2S-3
-5.500	123.700	8.0	HSB2S-4
-5.500	123.700	8.0	HSB2S-5
-5.500	123.700	8.0	HSB2S-6
-5.500	123.700	8.0	HSB2S-7
-5.500	123.700	8.0	HSB2S-8
-5.500	123.700	8.0	HSB2S-9
-5.500	123.700	8.0	HSB2S-10
-5.500	123.700	5.0	S2-3 8m
-5.500	123.700	5.0	S2-3 5m
-5.500	123.700	5.0	S2-3 3m
-5.500	123.700	5.0	SS1
-5.500	123.700	5.0	SS2
-5.500	123.700	5.0	SS3
-5.500	123.700	5.0	SS4
-5.500	123.700	5.0	SS5
-5.500	123.700	5.0	SS6
-5.500	123.700	5.0	SS7
-5.500	123.700	8.0	WSUM2
-5.500	123.700	8.0	KAL1
-5.500	123.700	8.0	KAL2
-5.500	123.700	8.0	KAL3
-5.500	123.700	8.0	KAL4
-5.500	123.700	8.0	KAL5
-5.500	123.700	8.0	KAL7
-5.500	123.700	8.0	KAL9
-5.500	123.700	8.0	KAL11
-5.500	123.700	8.0	KAL13
-5.500	123.700	8.0	KAL15
-5.500	123.700	8.0	KAL16
-5.500	123.700	8.0	KAL17
-5.500	123.700	8.0	KAL18
-5.500	123.700	8.0	KAL19
-5.500	123.700	8.0	KAL20
-5.500	123.700	8.0	KAL21
-5.500	123.700	3.0	WHB1-2
-5.500	123.700	3.0	KAL41
-5.500	123.700	3.0	KAL40
-5.500	123.700	3.0	KAL38
-5.500	123.700	3.0	KAL37
-5.500	123.700	3.0	KAL36
-5.500	123.700	3.0	KAL35
-5.500	123.700	3.0	KAL34
-5.700	106.600	0.5	MPG 11C
-5.700	106.600	0.3	MPG 11E
-5.700	106.600	1.2	MPG 11I
-5.700	106.600	0.7	MPG 11K
-5.700	106.600	0.5	MPG 11O
-5.700	106.600	1.6	MPG 12A
-5.700	106.600	0.5	MPG 12F
-5.700	106.600	0.7	MPG 12K
-5.700	106.600	0.4	MPG 12M
-5.700	106.600	0.4	MPG 12O
-5.700	106.600	2.0	MPG 14C
-5.700	106.600	3.0	MPG 14E
-5.700	106.600	0.5	MPG 21F
-5.700	106.600	0.3	MPG 21G
-5.700	106.600	0.4	MPG 21H
-5.700	106.600	0.5	MPG 21P
-5.700	106.600	0.6	MPG 22C
-5.700	106.600	0.5	MPG 22E
-5.700	106.600	0.5	MPG 22I
-5.700	106.600	21.0	MPG 23A
-5.700	106.600	15.0	MPG 23C
-5.700	106.600	12.0	MPG 23E
-5.700	106.600	15.0	MPG 24E
-5.700	106.600	12.0	MPG 24F
-5.700	106.600	0.7	MPG 31B
-5.700	106.600	0.5	MPG 31C
-5.700	106.600	0.5	MPG 31D
-5.700	106.600	19.0	MPG 31J
-5.700	106.600	15.0	MPG 31L
-5.700	106.600	12.0	MPG 31N
-5.700	106.600	4.0	MPG 32A
-5.700	106.600	3.0	MPG 32D
-5.700	106.600	10.0	MPG 32K
-5.700	106.600	12.0	MPG 32M
-5.700	106.600	12.0	MPG 33D
-5.700	106.600	8.0	MPG 33G
-5.700	106.600	7.0	MPG 33J
-5.700	106.600	1.2	MPG 41G
-5.700	106.600	0.5	MPG 41I
-5.700	106.600	0.5	MPG 41O
-5.700	106.600	15.0	MPG 42D
-5.700	106.600	10.0	MPG 42G
-5.700	106.600	18.0	MPG 42L
-5.700	106.600	15.0	MPG 42O
-5.700	106.600	13.0	MPG 42R
-5.700	106.600	1.2	PR 21A
-5.700	106.600	0.8	PR 21C
-5.700	106.600	0.5	PR 21E
-5.700	106.600	0.4	PR 21G
-5.700	106.600	0.4	PR 21I
-5.700	106.600	1.5	PR 22A
-5.700	106.600	1.0	PR 22C
-5.700	106.600	0.8	PR 22E
-5.700	106.600	0.6	PR 22G
-5.700	106.600	0.4	PR 22I
-5.700	106.600	0.4	PR 22K
-5.700	106.600	0.3	PR 22M
-5.700	106.600	0.3	PR 22O
-5.700	106.600	1.5	PR 23A
-5.700	106.600	1.0	PR 23C
-5.700	106.600	0.8	PR 23E
-5.700	106.600	0.6	PR 23G
-5.700	106.600	0.6	PR 23I
-5.700	106.600	0.4	PR 23K
-5.700	106.600	0.3	PR 23M
-5.700	106.600	0.3	PR 23O
-5.700	106.600	1.5	PR 24A
-5.700	106.600	1.0	PR 24C
-5.700	106.600	0.8	PR 24E
-5.700	106.600	0.6	PR 24G
-5.700	106.600	0.4	PR 24I
-5.700	106.600	4.0	PR 31A
-5.700	106.600	15.0	PR 31C
-5.700	106.600	15.0	PR 31E
-5.700	106.600	3.0	PR 32A
-5.700	106.600	12.0	PR 32C
-5.700	106.600	20.0	PR 32E
-5.700	106.600	1.0	SD 11A
-5.700	106.600	0.8	SD 11C
-5.700	106.600	0.7	SD 11E
-5.700	106.600	0.6	SD 11G
-5.700	106.600	0.5	SD 11I
-5.700	106.600	0.4	SD 11K
-5.700	106.600	0.4	SD 11M
-5.700	106.600	0.5	SD 11O
-5.700	106.600	2.0	SD 12A
-5.700	106.600	8.0	SD 12C
-5.700	106.600	16.0	SD 12E
-5.700	106.600	5.0	SD 13A
-5.700	106.600	10.0	SD 13C
-5.700	106.600	15.0	SD 13E
-5.700	106.600	15.0	SD 14A
-5.700	106.600	10.0	SD 14C
-5.700	106.600	5.0	SD 14E
-5.700	106.600	1.8	SD 15A
-5.700	106.600	1.7	SD 15C
-5.700	106.600	1.5	SD 15E
-5.700	106.600	1.0	SD 15G
-5.700	106.600	0.7	SD 15I
-5.700	106.600	0.5	SD 15K
-5.700	106.600	0.5	SD 15M
-5.700	106.600	0.4	SD 15O
21.400	-157.700	0.0	B1
21.400	-157.700	0.0	B2
21.400	-157.700	0.0	B3
21.400	-157.700	0.0	B4
21.400	-157.700	1.0	B5
21.400	-157.700	2.0	C1
21.400	-157.700	4.0	C2
21.400	-157.700	3.0	C3
21.400	-157.700	4.0	C4
21.400	-157.700	6.0	C5
21.400	-157.700	11.0	C6
21.400	-157.700	13.0	C7
21.400	-157.700	17.0	C8
21.400	-157.700	20.0	C9
21.400	-157.700	30.0	C10-T
21.400	-157.700	30.0	C10-C
21.400	-157.700	9.0	R1
21.400	-157.700	8.0	R2
21.400	-157.700	20.0	R3
21.400	-157.700	2.0	R4
21.400	-157.700	2.0	R5
-42.000	147.000	50.0	1A_Bryozoans quartzose gravel and sands
-42.000	147.000	40.0	1B_Molluscan quartzose gravel and sands
-42.000	147.000	55.0	1C_Biogenic quartzose gravel and sands
-42.000	147.000	100.0	2A_Bryozoans relict gravel and sands
-42.000	147.000	60.0	2B_Molluscan relict gravel and sands
-42.000	147.000	120.0	2C_Biogenic relict gravel and sands
-42.000	147.000		3A_Bryozans gravel and sands
-42.000	147.000	150.0	3B_Molluscan gravel and sands
-42.000	147.000	90.0	3C_Biogenic gravel sands and muds
59.417	-2.450	48.0	North Ronadlsay North Bank
59.417	-2.667	48.0	North Orkney Platform
59.000	-2.500	57.0	East Orkney Shelf
59.000	-2.500	67.0	East Orkney Shelf (Modiulus gravels)
59.067	-2.950	13.0	Orkney sounds
59.067	-2.950	13.0	Orkney sounds (algal gravels)
59.800	-1.300	60.0	138
59.900	-1.400	109.0	139
60.000	-1.600	104.0	140
60.100	-1.900	92.0	141
60.200	-2.000	92.0	142
60.200	-2.100	85.0	M65
60.300	-2.100	85.0	147
60.400	-2.500	134.0	160
60.400	-2.700	170.0	M49
60.400	-2.700	172.0	159
60.500	-2.900	162.0	158
60.600	-3.000	200.0	157
39.000	3.000	1.0	Lagoon
39.000	3.000	1.0	Barrier
39.000	3.000	5.0	Shallow Subtidal
39.000	3.000	30.0	Inner Ramp
39.000	3.000	70.0	Middle Ramp
-11.758	124.828	21.0	GeoB 10071-3
-11.750	124.828	21.0	GeoB 10071-4
11.763	124.827	33.0	GeoB 10071-5
-42.500	145.000	100.0	Average
-40.500	144.500	50.0	Average
24.750	125.117	30.0	Reef
24.750	125.117	45.0	Near-reef sand
24.750	125.117	10.0	Muddy Sand Sandy Mud
24.750	125.117	120.0	Rhodolith and Large foraminifera sand
24.750	125.117	150.0	Bryozoans sand
24.750	125.117		Planktonic foraminifera sand facies
24.750	125.117		Planktonic foraminifera muddy sand
-14.880	-148.670	10.0	Matavia inner slopes
-14.880	-148.670	2.0	Matavia wall system
-14.880	-148.670	20.0	Matavia pool floor
-14.620	-145.190	10.0	Takapoto inner slopes
-14.620	-145.190	10.0	Takapoto knoll and patches
-14.620	-145.190	40.0	Takapoto lagoon floor
32.330	-64.720	4.5	38
32.330	-64.720	4.8	1
32.330	-64.720	7.6	13
32.330	-64.720	11.0	31
32.330	-64.720	12.0	27
32.330	-64.720	15.5	23
32.330	-64.720	17.3	10
32.330	-64.720	21.0	22
32.330	-64.720	23.0	18
-19.091	146.558	5.0	Facies A
-19.091	146.558	5.0	Facies B
-19.091	146.558	5.0	Facies C
-19.091	146.558	5.0	Facies D
-19.091	146.558	5.0	Facies E
21.680	-73.810	3.0	Reef Flat
21.680	-73.810	10.0	Back reef
21.680	-73.810	10.0	Cay sediments
21.680	-73.810	15.0	Eastern Lagoon
21.680	-73.810	15.0	Western Lagoon
21.680	-73.810	10.0	Patch reef
50.500	-128.500	100.0	Average
41.300	9.200	30.0	F1
41.300	9.200	52.0	F2
41.300	9.200	55.0	F3
41.300	9.200	65.0	F4
41.300	9.200	65.0	F5
40.091	18.510	63.0	BX10
39.911	18.423	63.0	BX15
39.942	18.440	52.0	BX12
39.943	18.424	50.0	BX13
39.886	18.416	55.0	BX16
39.876	18.414	56.0	BX17
-20.550	166.420	25.0	Ouvea lagoon
-19.350	158.500	50.0	Chesterfield Islands lagoon
-21.350	165.920	25.0	East coastal lagoon
-19.670	163.690	25.0	Northern lagoon
-32.500	115.000	85.0	Quartz grainstone
-32.500	115.000	85.0	Lithoskeletal grainstone
-32.500	115.000	85.0	Algal-bryozoan grainstone
-32.500	115.000	85.0	Bryozoan Grainstone
-32.500	115.000	45.0	A1_Skeletal sand
-30.000	114.000	18.0	A2_Quartzose Skeletal sand
-30.000	114.000	60.0	A3_Rhodolite Gravel
-30.000	114.000	160.0	B_Bryozoan Skeletal Sand
-27.000	113.000	40.0	M_Molluscan Skeletal Sand
-25.000	113.000	50.0	I1_Abraded Intraclast-Skeletal Sand
-25.000	113.000	85.0	I2_Fragmented Intra-Skeletal Sand
-25.000	113.000	125.0	P1_Intraclast-Planktic Sand
-25.000	113.000		P2_Planktic Sand & Silt
-25.000	113.000		P3_Well washed Planktic Sand
25.660	36.690	35.0	CA1
25.660	36.690	23.0	CA2
25.660	36.690	18.0	CA3
25.660	36.690	25.0	CA4
25.660	36.690	23.0	CA5
25.660	36.690	2.5	CA6
25.660	36.690	7.0	CA7
26.800	33.970	0.5	A1
26.800	33.970	6.5	A2
26.800	33.970	17.5	A3
26.800	33.970	18.5	A4
26.800	33.970	15.0	A5
26.800	33.970	1.5	A6
26.800	33.970	0.0	A7
26.800	33.970	10.0	A8
26.800	33.970	0.4	A10
26.800	33.970	6.0	A11
26.800	33.970	22.0	A12
26.800	33.970	7.0	A13
26.800	33.970	23.0	A14
26.800	33.970	19.0	A15
26.800	33.970	24.0	A16
26.800	33.970	6.0	A17
26.800	33.970	29.0	A18
26.800	33.970	8.0	A19
26.800	33.970	28.0	A20
26.800	33.970	25.0	A21
26.800	33.970	21.0	A22
26.800	33.970	9.0	A23
26.800	33.970	31.0	A24
26.800	33.970	17.0	A25
26.800	33.970	29.0	A26
26.800	33.970	35.0	A27
26.800	33.970	28.0	A28
26.800	33.970	9.0	A29
26.800	33.970	13.0	A30
26.800	33.970	1.0	A32
26.800	33.970	62.0	B1
26.800	33.970	50.0	B2
26.800	33.970	58.0	B3
26.800	33.970	45.0	B4
26.800	33.970	40.0	B6
26.800	33.970	25.0	B7
26.800	33.970	38.0	B8
26.800	33.970	35.0	B9
26.800	33.970	16.5	B10
26.800	33.970	3.0	B11
26.800	33.970	6.0	B12
26.800	33.970	33.0	B13
26.800	33.970	37.5	B14
26.800	33.970	32.0	B15
26.800	33.970	34.0	B16
26.800	33.970	6.0	B17
26.800	33.970	28.0	B18
26.800	33.970	31.0	B19
26.800	33.970	34.0	B20
26.800	33.970	38.5	B21
26.800	33.970	36.0	B22
26.800	33.970	33.0	B23
26.800	33.970	25.0	B24
26.800	33.970	1.5	B25
26.800	33.970	0.5	B26
26.800	33.970	41.0	B28
26.800	33.970	29.0	B30
26.800	33.970	17.0	B31
26.800	33.970	42.0	B32
26.800	33.970	47.0	B33
26.800	33.970	48.0	B34
26.800	33.970	49.0	B35
26.800	33.970	50.0	B36
26.800	33.970	46.0	B37
26.800	33.970	36.0	B38
26.800	33.970	48.0	B41
26.800	33.970	41.0	B42
26.800	33.970	35.0	B43
26.800	33.970	35.0	B44
26.800	33.970	32.0	B45
26.800	33.970	32.0	B46
26.800	33.970	37.5	B48
26.800	33.970	34.0	B51
26.800	33.970	48.0	B52
26.800	33.970	52.0	B53
26.800	33.970	45.0	B54
26.800	33.970	29.0	B56
26.800	33.970	47.0	B57
26.800	33.970	32.0	B58
26.800	33.970	23.0	B59
26.800	33.970	33.0	B60
26.800	33.970	27.0	B61
26.800	33.970	6.0	B67
26.800	33.970	16.0	B68
26.800	33.970	32.0	B69
26.800	33.970	38.0	B70
26.800	33.970	9.5	B73
26.800	33.970	0.5	B74
26.800	33.970	57.0	C1
26.800	33.970	50.0	C2
26.800	33.970	47.5	C3
26.800	33.970	40.0	C4
26.800	33.970	34.5	C5
26.800	33.970	3.0	C6
26.800	33.970	7.0	C7
26.800	33.970	19.5	C8
26.800	33.970	0.5	C9
26.800	33.970	10.0	C10
26.800	33.970	7.0	C11
26.800	33.970	13.5	C12
26.800	33.970	0.2	C13
26.800	33.970	22.0	C14
26.800	33.970	0.5	C15
26.800	33.970	0.5	C16
26.800	33.970	8.0	C17
26.800	33.970	7.0	C18
26.800	33.970	1.5	C19
26.800	33.970	14.0	C20
26.800	33.970	0.3	C21
26.800	33.970	17.0	C23
26.800	33.970	6.0	C24
26.800	33.970	38.5	C26
26.800	33.970	56.0	C27
26.800	33.970	15.0	C28
26.800	33.970	1.0	D1
26.800	33.970	1.0	D2
26.800	33.970	22.0	D3
26.800	33.970	32.0	D5
26.800	33.970	33.0	D6
26.800	33.970	24.0	D7
26.800	33.970	30.0	D8
26.800	33.970	20.0	D9
-31.557	159.085	50.0	Lord Howe Island_G39_1
-31.557	159.085	50.0	Lord Howe Island_G39_2
-31.557	159.085	40.0	Lord Howe Island_G39_3
-31.557	159.085	40.0	Lord Howe Island_G39_4
-31.557	159.085	30.0	Lord Howe Island_G79_1
-31.557	159.085	30.0	Lord Howe Island_G79_2
-31.557	159.085	40.0	Lord Howe Island_G79_3
-31.557	159.085	20.0	Lord Howe Island_G79_4
-31.557	159.085	30.0	Lord Howe Island_G79_5
-31.557	159.085	20.0	Lord Howe Island_G79_6
-31.557	159.085	20.0	Lord Howe Island_G79_7
-31.557	159.085	10.0	Lord Howe Island_G79_8
-31.557	159.085	20.0	Lord Howe Island_G88
-31.557	159.085	30.0	Lord Howe Island_G87_1
-31.557	159.085	30.0	Lord Howe Island_G87_2
-31.557	159.085	30.0	Lord Howe Island_G87_3
-31.557	159.085	20.0	Lord Howe Island_G15_1
-31.557	159.085	40.0	Lord Howe Island_G15_2
-31.557	159.085	30.0	Lord Howe Island_G19
-31.557	159.085	100.0	Lord Howe Island_G16
-31.557	159.085	100.0	Lord Howe Island_G48_1
-31.557	159.085	50.0	Lord Howe Island_G48_2
-31.557	159.085	20.0	Lord Howe Island_G48_3
-31.557	159.085	30.0	Lord Howe Island_G56
-31.557	159.085	30.0	Lord Howe Island_G74_1
-31.557	159.085	20.0	Lord Howe Island_G74_2
-31.557	159.085	20.0	Lord Howe Island_G74_3
-31.557	159.085	30.0	Lord Howe Island_G66
-31.727	159.253	40.0	Balls Pyramid
-31.727	159.253	50.0	Balls Pyramid
-31.727	159.253	100.0	Balls Pyramid G47_1
-31.727	159.253	40.0	Balls Pyramid G47_2
-31.727	159.253	30.0	Balls Pyramid G47_3
-31.727	159.253	30.0	Balls Pyramid G47_4
-31.727	159.253	40.0	Balls Pyramid G47_5
-36.576	-56.060	20.0	01A
-37.442	-55.597	85.0	02A
-38.518	-56.522	83.0	03A
-38.710	-57.083	79.0	04A
-38.381	-57.730	44.0	05A
-39.472	-56.507	90.0	06A
-40.427	-57.454	97.0	07A
-39.422	-58.454	73.0	08A
-39.423	-59.729	55.0	09A
-40.497	-58.574	88.0	10A
-41.347	-58.535	78.0	11A
-40.587	-61.483	37.0	12A
-41.282	-62.428	29.0	13A
-41.505	-60.483	69.0	14A
-41.698	-62.633	50.0	15A
-41.820	-63.328	57.0	16A
-42.432	-63.474	44.0	01B
-42.509	-62.586	75.0	02B
-42.593	-59.414	96.0	03B
-43.484	-60.035	95.0	04B
-43.538	-61.965	88.0	05B
-44.350	-62.631	95.0	06B
-44.422	-65.116	50.0	07B
-45.521	-61.699	90.0	08B
-46.474	-61.632	121.0	09B
-47.568	-61.300	139.0	10B
-47.269	-62.054	134.0	11B
-46.511	-63.385	113.0	12B
-46.471	-65.515	73.0	13B
-47.058	-65.537	37.0	14B
-48.822	-66.092	90.0	15B
-48.423	-65.426	105.0	16B
-48.547	-64.472	108.0	17B
-48.430	-62.719	137.0	18B
-48.761	-62.231	136.0	19B
-48.346	-61.499	142.0	20B
-49.484	-66.100	94.0	01C
-49.530	-64.444	117.0	02C
-49.462	-63.551	130.0	03C
-49.533	-62.521	150.0	04C
-49.566	-60.441	171.0	05C
-50.288	-62.982	148.0	06C
-50.485	-62.488	164.0	07C
-50.474	-60.632	148.0	08C
-50.463	-59.492	166.0	09C
-50.466	-57.948	147.0	10C
-51.530	-57.444	132.0	11C
-51.437	-61.807	182.0	12C
-51.406	-63.484	160.0	13C
-51.514	-65.362	132.0	14C
-51.234	-65.655	129.0	15C
-50.868	-66.599	109.0	16C
-51.356	-67.421	91.0	17C
-52.349	-67.343	92.0	18C
-52.339	-65.509	122.0	19C
-52.383	-64.502	182.0	20C
-53.250	-64.358	211.0	21C
-53.217	-66.729	91.0	22C
-53.316	-66.169	98.0	23C
-54.197	-66.517	53.0	24C
-54.311	-65.464	93.0	25C
-54.223	-60.188	96.0	26C
-54.436	-58.642	137.0	27C
-54.594	-56.650	129.0	28C
33.044	35.091	0.0	Station_1
33.044	35.091	5.0	Station_2
33.044	35.091	12.0	Station_3
33.044	35.091	10.0	Station_4
33.044	35.091	5.0	Station_5
33.044	35.091	0.0	Station_6
33.044	35.091	5.0	Station_7
33.044	35.091	10.0	Station_8
33.044	35.091	15.0	Station_9
33.044	35.091	20.0	Station_10
33.044	35.091	25.0	Station_11
33.044	35.091	30.0	Station_12
21.092	-157.069	1.0	Beach
21.092	-157.069	1.0	Ridge Flat
21.092	-157.069	19.0	Fore Reef
48.990	-4.020	78.0	Bryozoans Bivalve Lithoclast
48.990	-4.020	79.5	Bryozoan Bivalve Balanid
48.990	-4.020	67.0	Bivalve
48.990	-4.020	63.0	Bivalve Bryozoan Balanid
48.990	-4.020	63.0	Balanid Bivalve Lithoclast
48.990	-4.020	58.0	Balanid Bivalve Bryozoans
48.990	-4.020	78.0	Lithoclast
-18.819	147.645	19.0	Lagoon floor
1.450	173.030	9.6	
1.450	173.030	13.0	
1.450	173.030	8.9	
1.450	173.030	12.7	
1.450	173.030	13.8	
1.450	173.030	9.8	
1.450	173.030	5.7	
-16.000	145.000	11.000	Type 1
-16.000	145.000	5.000	Type 2
-16.000	145.000	1.000	Type 3
-16.000	145.000	5.000	Type 4
-16.000	145.000	8.000	Type 5
32.472	-64.767	5.0	Grid Reef
32.472	-64.767	5.0	Make Do Reef
32.472	-64.767	5.0	Make Do Reef marginal area
25.600	57.300	65.0	M1_251. 1056A
25.300	56.600	126.0	M1_268. 1073A
25.430	56.750	105.0	M1_269. 1074A
25.600	57.000	106.0	M1_270. 1075A
27.000	56.880	55.0	M1_271. 1076A
26.700	56.000	65.0	M1_272. 1077A
26.570	55.725	41.0	M1_273. 1078A
26.300	54.900	75.0	M1_274. 1079A
26.330	54.480	85.0	M1_275. 1080A
26.140	54.370	99.0	M1_276. 1081A
26.100	54.000	92.0	M1_277. 1082A
26.422	54.160	52.0	M1_278. 1083A
26.557	54.225	34.0	M1_279. 1084A
26.660	54.300	20.0	M1_280/1. 1085A
26.660	54.300	20.0	M1_280/2. 1085A
26.660	54.300	20.0	M1_280/3. 1085A
26.617	53.942	63.0	M1_281. 1088A
26.600	53.900	16.0	M1_282. 1089B
26.400	53.470	92.0	M1_283. 1090B
26.550	53.100	31.0	M1_284. 1091A
26.100	53.170	68.0	M1_285. 1092A
26.580	53.093	90.0	M1_286. 1093A
26.710	53.090	85.0	M1_287. 1094A
27.000	53.100	15.0	M1_288. 1095A
27.053	53.100	40.0	M1_289. 1096A
27.400	52.570	9.0	M1_290/1. 1097A
27.400	52.540	15.0	M1_290/2. 1098A
27.400	52.530	22.0	M1_290/3. 1099A
27.440	52.440	53.0	M1_291. 1100A
27.333	52.308	65.0	M1_292. 1101A
27.217	52.167	73.0	M1_293. 1102A
27.050	51.930	53.0	M1_294. 1103A
27.027	51.572	74.0	M1_295. 1104A
27.167	51.092	67.0	M1_296. 1105A
27.267	51.183	72.0	M1_297. 1106A
27.690	50.880	61.0	M1_298. 1107A
27.850	51.000	67.0	M1_299. 1108A
27.900	51.250	29.0	M1_300. 1109A
28.097	51.000	49.0	M1_301. 1110A
28.062	50.888	59.0	M1_302. 1111A
28.023	50.783	63.0	M1_303. 1112A
28.153	50.658	61.0	M1_304. 1113A
28.270	50.600	59.0	M1_305. 1114A
28.367	50.667	56.0	M1_306. 1115A
28.460	50.770	50.0	M1_307. 1116A
28.562	50.883	32.0	M1_308. 1117A
28.600	50.940	21.0	M1_309. 1118A
28.847	50.750	22.0	M1_310. 1119A
28.810	50.625	38.0	M1_311. 1120A
28.728	50.417	50.0	M1_312. 1121A
28.687	50.290	52.0	M1_313. 1122A
28.300	51.070	52.0	M1_314. 1123A
28.980	50.110	50.0	M1_315. 1124A
29.150	50.210	50.0	M1_316. 1125A
29.150	50.320	33.0	M1_317. 1126A
29.243	50.433	38.0	M1_318. 1127A
29.300	50.433	34.0	M1_319. 1128A
29.413	50.467	25.0	M1_320. 1129A
29.417	50.317	29.0	M1_321. 1130A
29.420	50.250	29.0	M1_322. 1131A
29.433	50.217	32.0	M1_323. 1132A
29.290	50.450	31.0	M1_324. 1133A
29.500	50.300	31.0	M1_325. 1134A
29.497	50.362	29.0	M1_326. 1135A
29.307	50.500	27.0	M1_327. 1136A
29.308	50.575	17.0	M1_328/1. 1137A
29.308	50.608	10.0	M1_328/2. 1138A
28.810	50.780	21.0	M1_329/1. 1139A
29.150	50.560	15.0	M1_329/2. 1140A
29.157	50.592	8.0	M1_329/3. 1141A
29.000	50.657	21.0	M1_330/1. 1142A
29.008	50.680	15.0	M1_330/2. 1143A
29.017	50.697	8.0	M1_330/3. 1144A
29.093	50.470	42.0	M1_331. 1145A
29.050	50.350	40.0	M1_332. 1146A
29.000	50.240	50.0	M1_333. 1147A
29.242	50.203	43.0	M1_334. 1148A
29.308	50.273	28.0	M1_335. 1149A
29.312	50.223	38.0	M1_336. 1150A
29.232	50.050	42.0	M1_337. 1151A
29.218	49.892	43.0	M1_338. 1152A
29.362	49.792	33.0	M1_339. 1153A
29.505	49.710	31.0	M1_340. 1154A
29.500	49.907	35.0	M1_341. 1155A
29.027	50.122	42.0	M1_342 a. 1156A
29.000	50.110	47.0	M1_342b. 1157A
28.300	51.070	37.0	M1_343. 1158D
28.300	51.070	37.0	M1_343. 1158 D/1
28.300	51.070	37.0	M1_343. 1158 D/2
28.300	51.070	37.0	M1_343. 1158 D/3
28.300	51.070	37.0	M1_343. 1158 D/4
28.300	51.070	37.0	M1_343. 1158 D/5
28.300	51.070	37.0	M1_372. 1194 C/1
28.300	51.070	37.0	M1_372. 1194 C/2
28.300	51.070	37.0	M1_372. 1194 C/3
28.550	50.513	55.0	M1_344. 1159A
28.545	50.900	29.0	M1_345. 1160A
28.308	51.000	35.0	M1_346. 1161A
28.300	51.117	20.0	M1_347 a. 1162A
28.300	51.150	15.0	M1_347 b. 1163A
28.300	51.190	10.0	M1_347 c. 1164A
28.113	51.008	46.0	M1_348. 1165A
28.120	51.108	28.0	M1_349. 1166A
28.110	51.150	21.0	M1_350/1. 1167A
28.110	51.180	15.0	M1_350/2. 1168A
28.110	51.210	8.0	M1_350/3. 1169A
28.000	51.250	19.0	M1_351/1. 1170A
28.000	51.280	16.0	M1_351/2. 1171A
28.000	51.300	8.0	M1_351/3. 1172A
27.650	51.492	22.0	M1_352. 1173A
27.500	51.367	45.0	M1_353. 1174A
27.378	51.283	74.0	M1_354. 1175A
27.317	51.842	49.0	M1_355 a. 1176A
27.517	52.093	65.0	M1_355b. 1177A
27.633	52.295	44.0	M1_356. 1178A
26.692	52.192	70.0	M1_357. 1179A
26.725	52.263	66.0	M1_358. 1180A
26.925	52.455	99.0	M1_359. 1181A
27.073	52.588	79.0	M1_360. 1182A
27.225	52.750	51.0	M1_361. 1183A
27.200	52.700	33.0	M1_362. 1184A
26.737	52.513	81.0	M1_363. 1185A
26.300	52.800	30.0	M1_364. 1186A
26.315	52.837	75.0	M1_365. 1187A
26.378	53.065	63.0	M1_366. 1188A
26.000	53.500	30.0	M1_367. 1189A
26.000	53.500	70.0	M1_368. 1190A
26.200	53.670	84.0	M1_369. 1191A
26.380	53.858	68.0	M1_370. 1192A
26.475	53.922	90.0	M1_371. 1193A
26.000	55.250	82.0	M1_372. 1194A
26.200	55.300	143.0	M1_373. 1195A
26.633	56.400	70.0	M1_374. 1196A
26.870	56.420	47.0	M1_375. 1197A
26.870	56.420	47.0	M1_375. 1197B
27.013	56.500	18.0	M1_376. 1198A
27.060	56.658	20.0	M1_377. 1199A
26.907	56.808	29.0	M1_378. 1200A
26.900	56.800	64.0	M1_379. 1201A
26.150	56.540	101.0	M1_381. 1203A
25.350	56.730	115.0	M1_382. 1204A
-27.450	32.710	27.0	Coral reef
-27.450	32.710	52.0	Outer shelf
-21.060	55.210	5	TR1
-21.060	55.210	5	TR2
-21.060	55.210	5	TR3
-17.480	-149.920	5	B1
-17.480	-149.920	5	B2
-17.480	-149.920	5	B3
-17.480	-149.920	5	F
-21.100	55.500	35.0	Alcyonarian--Terrigeneous facies
-21.100	55.500	25.0	Foraminiferal facies
-21.100	55.500	2.0	Coral--coralline algal facies
-21.100	55.500	1.0	Coral—molluscan facies
-21.100	55.500	1.0	Coral—terrigeneous facies
69.980	18.660	7.0	Framework cavity deposits
69.980	18.660	14.0	Rhodolith pavement deposits
44.200	-68.200	23.0	Average taxonomic
16.410	-86.130	8.0	barb2
16.410	-86.130	2.0	barb5
16.350	-86.430	5.0	fh5
16.350	-86.430	2.0	fh6
16.390	-86.440	7.0	p1
16.410	-86.130	1.0	barb1
16.390	-86.440	3.0	p2
16.390	-86.440	2.0	p3
16.350	-86.430	3.0	fh1
16.350	-86.430	8.0	fh2
16.410	-86.130	8.0	barb3
16.410	-86.130	5.5	barb4
16.350	-86.430	6.0	fh3
16.350	-86.430	6.0	fh4
16.350	-86.430	1.0	fh7
16.390	-86.440	7.0	p4
16.390	-86.440	6.0	p5
-5.880	110.420	2.0	mbt1_1
-5.880	110.420	2.0	mbt1_2
-5.880	110.420	2.0	mbt1_3
-5.880	110.420	2.0	mbt1_4
-5.880	110.420	2.0	mbt1_5
-5.880	110.420	2.0	mbt1_6
-5.880	110.420	2.0	mbt2_1
-5.880	110.420	2.0	mbt2_2
-5.880	110.420	2.0	mbt2_3
-5.880	110.420	2.0	mbt2_4
-5.880	110.420	2.0	mbt2_5
-5.880	110.420	2.0	mbt2_6
-5.880	110.420	2.0	mbt2_7
-5.880	110.420	2.0	mbt2_8
-5.880	110.400	2.0	mkt1_1
-5.880	110.400	2.0	mkt1_2
-5.880	110.400	2.0	mkt1_3
-5.880	110.400	2.0	mkt1_4
-5.880	110.400	2.0	mkt1_5
-5.880	110.400	2.0	mkt2_1
-5.880	110.400	2.0	mkt2_2
-5.880	110.400	2.0	mkt2_3
-5.880	110.400	2.0	mkt2_4
-5.880	110.400	2.0	mkt2_5
-5.790	110.460	2.0	kjt1_1
-5.790	110.460	2.0	kjt1_2
-5.790	110.460	2.0	kjt1_3
-5.790	110.460	2.0	kjt1_4
-5.790	110.460	2.0	kjt1_5
-5.790	110.460	2.0	kjt2_1
-5.790	110.460	2.0	kjt2_2
-5.790	110.460	2.0	kjt2_3
-5.790	110.460	2.0	kjt2_4
-5.790	110.460	2.0	kjt2_5
-5.790	110.460	2.0	kjt3_1
-5.790	110.460	7.0	kjt3_2
-5.790	110.460	7.0	kjt3_3
-5.790	110.460	7.0	kjt3_4
-5.840	110.400	2.0	kjt4_1
-5.840	110.400	2.0	kjt4_2
-5.840	110.400	2.0	kjt4_3
-5.860	110.420	2.0	kjt5_1
-5.860	110.420	2.0	kjt5_2
-5.860	110.420	2.0	kjt5_3
-5.860	110.420	7.0	kjt5_4
-5.860	110.420	7.0	kjt5_5
-5.860	110.420	13.0	kjt5_6
-5.860	110.420	13.0	kjt5_7
-5.860	110.420	13.0	kjt5_8
-18.880	-159.800	10.0	al10
-18.900	-159.810	4.0	al14
-18.920	-159.730	4.0	al27
-18.900	-159.730	3.5	al28
-18.890	-159.750	5.5	al29
-18.900	-159.780	3.0	al15
-18.910	-159.750	6.0	al17
-18.880	-159.760	5.0	al21
-18.900	-159.810	5.5	al4
-18.900	-159.810	1.0	al12
-18.890	-159.760	2.0	al16
-18.880	-159.760	4.5	al22
-18.880	-159.760	2.5	al23
-18.860	-159.760	3.0	al33
-18.920	-159.750	0.5	al6
-18.920	-159.750	3.5	al7
-18.910	-159.780	2.0	al11
-18.890	-159.800	7.0	al24
-18.820	-159.770	0.5	al32
-18.820	-159.770	0.5	ae1
-18.900	-159.810	5.0	al3
-18.910	-159.780	3.0	al13
-18.910	-159.730	2.0	al18
-18.880	-159.750	0.8	al20
-18.890	-159.750	1.5	al30
-18.820	-159.770	0.6	ae4
-18.900	-159.810	1.0	al1
-18.900	-159.810	2.0	al2
-18.920	-159.750	2.0	al5
-18.940	-159.730	2.0	al8
-18.940	-159.730	2.0	al9
-18.910	-159.730	1.5	al19
-18.940	-159.740	2.0	al25
-18.950	-159.730	0.2	al26
-18.880	-159.750	0.5	al31
-18.820	-159.770	0.5	aa
-18.820	-159.770	0.3	ae2
-18.820	-159.770	0.6	ae3
-18.820	-159.770	1.0	ae5
-18.820	-159.770	1.2	ae6
10.550	72.620	3.0	KL7
10.550	72.620	3.0	KL11
10.550	72.620	3.0	KL47
10.550	72.620	3.0	KL49
10.550	72.620	3.0	KL55
10.550	72.620	3.0	KL60
10.550	72.620	3.0	KL71
10.550	72.620	3.0	KL80
10.550	72.620	3.0	KL100
10.550	72.620	3.0	KL101
10.550	72.620	3.0	KL107
10.550	72.620	3.0	KL110
10.550	72.620	3.0	KL124
10.550	72.620	3.0	KL127
10.550	72.620	3.0	KL130
10.550	72.620	3.0	KL142
10.550	72.620	3.0	KL146
10.550	72.620	3.0	KL152
10.550	72.620	3.0	KL160
10.550	72.620	3.0	KL165
10.550	72.620	3.0	KL181
10.550	72.620	3.0	KL193
10.550	72.620	3.0	KL194
10.550	72.620	3.0	KL198
10.550	72.620	3.0	KL207
10.550	72.620	3.0	KL211
10.550	72.620	3.0	KL228
10.550	72.620	3.0	KL237
10.550	72.620	3.0	KL282
10.550	72.620	3.0	KL296
10.110	73.640	5.0	KP161
10.110	73.640	5.0	KP162
10.110	73.640	5.0	KP164
10.110	73.640	5.0	KP165
10.110	73.640	5.0	KP166
10.110	73.640	5.0	KP168
10.110	73.640	5.0	KP169
10.110	73.640	5.0	KP170
10.110	73.640	5.0	KP171
10.110	73.640	5.0	KP172
10.110	73.640	5.0	KP173
10.110	73.640	5.0	KP176
10.110	73.640	5.0	KP177
10.110	73.640	5.0	KP178
10.110	73.640	5.0	KP179
10.110	73.640	5.0	KP180
10.110	73.640	5.0	KP182
10.110	73.640	5.0	KP183
10.110	73.640	5.0	KP184
10.110	73.640	5.0	KP185
10.110	73.640	5.0	KP186
10.110	73.640	5.0	KP187
10.110	73.640	5.0	KP188
10.110	73.640	5.0	KP189
10.110	73.640	5.0	KP191
10.110	73.640	5.0	KP193
10.110	73.640	5.0	KP195
10.110	73.640	5.0	KP200
33.490	126.940	12.5	ST1
33.490	126.940	12.5	ST2
-5.400	-35.200	9.0	Maracajaú
45.070	13.600	35.0	A
45.070	13.600	35.0	B
45.070	13.600	35.0	C
24.670	-82.800	10.8	2-8
24.670	-82.820	12.0	2-11
24.670	-82.820	12.3	2-14
24.670	-82.840	13.5	2-17
24.640	-82.870	16.5	3-25
24.640	-82.900	15.0	3-30
24.620	-82.950	9.5	4-26
24.620	-82.920	17.7	4-18
24.700	-82.900	14.1	1-35
24.670	-82.770	15.9	2-1
24.670	-82.850	13.5	2-20
24.670	-82.850	15.0	2-23
24.670	-82.870	17.4	2-26
24.670	-82.890	15.6	2-29
24.640	-82.790	21.6	3-1
24.640	-82.840	13.5	3-15
24.640	-82.850	13.5	3-20
24.620	-82.900	15.0	4-12
24.620	-82.900	21.0	4-13
24.620	-82.900	19.8	4-14
24.620	-82.920	21.3	4-15
24.620	-82.920	14.1	4-16
24.620	-82.920	14.4	4-17
24.620	-82.950	15.0	4-27
24.620	-82.870	24.6	5-1
24.590	-82.890	5.4	5-5
24.590	-82.920	16.5	5-15
24.700	-82.800	2.0	1-10
24.700	-82.820	4.0	1-15
24.700	-82.850	6.0	1-20
24.670	-82.790	3.9	2-5A
24.670	-82.790	3.9	2-5B
24.640	-82.800	3.5	3-5
24.640	-82.920	4.5	3-35
24.640	-82.920	7.2	3-36
24.620	-82.870	1.0	4-3
24.620	-82.870	1.2	4-4
24.620	-82.870	2.5	4-5
24.620	-82.890	2.0	4-7
24.620	-82.890	3.0	4-8
24.620	-82.890	7.5	4-9
24.620	-82.890	11.0	4-10
24.620	-82.940	6.0	4-19
24.620	-82.940	4.0	4-20
24.620	-82.940	4.0	4-21
24.620	-82.940	3.0	4-22
24.620	-82.940	4.0	4-23
24.700	-82.770	11.4	1-1
24.700	-82.770	7.5	1-2
24.700	-82.790	6.0	1-3
24.700	-82.790	4.5	1-4
24.700	-82.790	4.5	1-5A
24.700	-82.790	4.5	1-5B
24.700	-82.790	3.0	1-7
24.700	-82.870	11.0	1-25
24.700	-82.890	13.8	1-30
24.670	-82.850	10.2	2-20
24.670	-82.900	9.6	2-32
24.670	-82.900	10.5	2-35
24.640	-82.820	8.0	3-10
24.620	-82.890	14.7	4-10
24.620	-82.940	5.0	4-20
24.620	-82.900	13.0	4-11
24.620	-82.950	7.0	4-24
24.620	-82.950	11.0	4-25
24.620	-82.950	13.0	4-26
24.590	-82.900	7.8	5-10
24.590	-82.940	13.5	5-20
24.590	-82.950	15.9	5-25
7.250	144.440	5.0	Ifalik
28.230	-177.360	5.0	Midway
28.410	-178.310	3.0	Kure
-34.240	137.060	30.0	Mixed Skeletal sand
-34.240	137.060	45.0	Bivalve_Bryozoan gravelly sand
-34.240	137.060	5.0	Mixed Skeletal muddy sand
-34.240	137.060	20.0	Rhodolith gravelly sand
-34.240	137.060	25.0	Rhodolith muddy gravel
-34.240	137.060	6.0	Bivalve gravelly sand
-34.240	137.060	12.0	Bivalve sandy mud
-23.450	151.950	3.0	4
-23.450	151.950	3.0	12
-23.450	151.950	3.0	14
-23.450	151.950	3.0	17
-23.450	151.950	3.0	19
-23.450	151.950	3.0	21
-23.450	151.950	3.0	23
-23.450	151.950	3.0	25
-23.450	151.950	3.0	31
-23.450	151.950	3.0	32
-23.450	151.950	3.0	37
-23.450	151.950	3.0	39
-23.450	151.950	3.0	40
-23.450	151.950	3.0	45
-23.450	151.950	3.0	47
-23.450	151.950	3.0	49
-23.450	151.950	3.0	54
-23.450	151.950	3.0	58
-23.450	151.950	3.0	62
-23.450	151.950	3.0	71
-23.450	151.950	3.0	73
-23.450	151.950	3.0	75
-23.450	151.950	3.0	79
-23.450	151.950	3.0	97
-23.450	151.950	3.0	100
-23.450	151.950	3.0	102
-23.450	151.950	3.0	103
-23.450	151.950	3.0	106
-23.450	151.950	3.0	108
-23.450	151.950	3.0	110
-23.450	151.950	3.0	112
-23.450	151.950	3.0	113
-23.450	151.950	3.0	116
-23.450	151.950	3.0	117
-23.450	151.950	3.0	118
-23.450	151.950	3.0	119
-23.450	151.950	3.0	146
-23.450	151.950	3.0	152
-23.450	151.950	3.0	153
-23.450	151.950	3.0	156
-23.450	151.950	3.0	171
-23.450	151.950	3.0	172
-23.450	151.950	3.0	173
-23.450	151.950	3.0	174
-23.450	151.950	3.0	176
-23.450	151.950	3.0	177
-23.450	151.950	3.0	178
-23.450	151.950	3.0	180
-23.450	151.950	3.0	181
-23.450	151.950	3.0	182
-23.450	151.950	3.0	183
-23.450	151.950	3.0	184
-23.450	151.950	3.0	185
-23.450	151.950	3.0	187
-23.450	151.950	3.0	188
-23.450	151.950	3.0	189
-23.450	151.950	3.0	190
-23.450	151.950	3.0	192
-23.450	151.950	3.0	194
-23.450	151.950	3.0	198
-23.450	151.950	3.0	199
-23.450	151.950	3.0	201
-23.450	151.950	3.0	202
-23.450	151.950	3.0	203
-23.450	151.950	3.0	204
-23.450	151.950	3.0	205
-23.450	151.950	3.0	206
-23.450	151.950	3.0	207
-23.450	151.950	3.0	208
-23.450	151.950	3.0	209
-23.450	151.950	3.0	210
-23.450	151.950	3.0	211
-23.450	151.950	3.0	212
-23.450	151.950	3.0	213
-23.450	151.950	3.0	215
-23.450	151.950	3.0	217
-23.450	151.950	3.0	220
-23.450	151.950	3.0	221
-23.450	151.950	3.0	222
-23.450	151.950	3.0	223
-23.450	151.950	3.0	226
-23.450	151.950	3.0	228
-23.450	151.950	3.0	230
-23.450	151.950	3.0	232
-23.450	151.950	3.0	234
-23.450	151.950	3.0	235
-23.450	151.950	3.0	236
-23.450	151.950	3.0	237
-23.450	151.950	3.0	239
-23.450	151.950	3.0	240
-23.450	151.950	3.0	241
-23.450	151.950	3.0	242
-23.450	151.950	3.0	243
-23.450	151.950	3.0	244
-23.450	151.950	3.0	245
-23.450	151.950	3.0	246
-23.450	151.950	3.0	247
-23.450	151.950	3.0	249
-23.450	151.950	3.0	252
-23.450	151.950	3.0	254
-23.450	151.950	3.0	256
-23.450	151.950	3.0	259
-23.450	151.950	3.0	260
-23.450	151.950	3.0	261
-23.450	151.950	3.0	262
-23.450	151.950	3.0	263
-23.450	151.950	3.0	265
-23.450	151.950	3.0	266
-23.450	151.950	3.0	267
-23.450	151.950	3.0	268
-23.450	151.950	3.0	269
-23.450	151.950	3.0	270
-23.450	151.950	3.0	271
-23.450	151.950	3.0	272
-23.450	151.950	3.0	273
-23.450	151.950	3.0	274
-23.450	151.950	3.0	275
-23.450	151.950	3.0	276
-23.450	151.950	3.0	277
-23.450	151.950	3.0	278
-23.450	151.950	3.0	279
-23.450	151.950	3.0	280
-23.450	151.950	3.0	281
-23.450	151.950	3.0	283
-23.450	151.950	3.0	286
-23.450	151.950	3.0	287
-23.450	151.950	3.0	289
-23.450	151.950	3.0	291
-23.450	151.950	3.0	293
-23.450	151.950	3.0	294
-23.450	151.950	3.0	295
-23.450	151.950	3.0	296
-23.450	151.950	3.0	297
-23.450	151.950	3.0	299
-23.450	151.950	3.0	300
-23.450	151.950	3.0	302
-23.450	151.950	3.0	304
-23.450	151.950	3.0	306
-23.450	151.950	3.0	308
-23.450	151.950	3.0	309
-23.450	151.950	3.0	310
-23.450	151.950	3.0	311
-23.450	151.950	3.0	313
-23.450	151.950	3.0	314
-23.450	151.950	3.0	352
-23.450	151.950	3.0	353
-23.450	151.950	3.0	355
-23.450	151.950	3.0	358
-23.450	151.950	3.0	359
-23.450	151.950	3.0	362
-23.450	151.950	3.0	366
-23.450	151.950	3.0	372
-23.450	151.950	3.0	373
-23.450	151.950	3.0	374
-23.450	151.950	3.0	375
-23.450	151.950	3.0	378
-23.450	151.950	3.0	381
-23.450	151.950	3.0	382
-23.450	151.950	3.0	383
-23.450	151.950	3.0	384
-23.450	151.950	3.0	386
-23.450	151.950	3.0	387
-23.450	151.950	3.0	389
-23.450	151.950	3.0	390
-23.450	151.950	3.0	391
-23.450	151.950	3.0	392
-23.450	151.950	3.0	395
-23.450	151.950	3.0	397
-23.450	151.950	3.0	398
-23.450	151.950	3.0	400
-23.450	151.950	3.0	401
-23.450	151.950	3.0	402
-23.450	151.950	3.0	403
18.470	-77.410	1.0	Back Reef_NS
18.470	-77.410	5.0	Back Reef_TH
18.470	-77.410	3.0	Back Reef_CA
18.470	-77.410	2.0	Back Reef_CR
18.470	-77.410	5.0	Forereef Terrace_r
18.470	-77.410	8.0	Forereef Terrace_r
18.470	-77.410	8.0	Forereef Terrace_s
18.470	-77.410	11.0	Forereef Terrace_r
18.470	-77.410	11.0	Forereef Terrace_s
18.470	-77.410	14.0	Forereef Terrace_r
18.470	-77.410	14.0	Forereef Terrace_s
18.470	-77.410	24.0	Forereef Escarpement_r
18.470	-77.410	24.0	Forereef Escarpement_s
18.470	-77.410	32.0	Forereef Slope_r
18.470	-77.410	32.0	Forereef Slope_s
18.470	-77.410	45.0	Forereef Slope_r
18.470	-77.410	45.0	Forereef Slope_s
18.470	-77.410	55.0	Forereef Slope_r
18.470	-77.410	55.0	Forereef Slope_s
18.470	-77.410	75.0	Deep Forereef_r
74.700	18.800	39.0	451.2
74.700	18.800	75.0	450.2
74.700	18.800	149.0	449.4
74.700	18.800	76.0	420
74.700	18.800	43.0	433.1
74.700	18.800	84.0	421
74.700	18.800	106.0	422
74.700	18.800	298.0	512
74.700	18.800	178.0	423
74.700	18.800	81.0	434.2
74.700	18.800	102.0	429.3
74.700	18.800	80.0	430.3
74.700	18.800	61.0	431.2
-3.860	-33.800	2.0	Anel recifal sotavento
-3.860	-33.800	2.0	Anel recifal barravento
-3.860	-33.800	2.0	Frente recifal sotavento
-3.860	-33.800	2.0	Depósito arenoso
-3.860	-33.800	2.0	Piscinas
-3.860	-33.800	2.0	Canais
-3.860	-33.800	2.0	Ilhas arenosas
-3.860	-33.800	2.0	Laguna. no nordeste
46.740	-130.800	123.0	
46.740	-130.800	143.0	
-12.100	96.800	1.0	3
-12.100	96.800	1.0	6
-12.100	96.800	1.0	9
-12.100	96.800	1.0	10
-12.100	96.800	1.0	12
-12.100	96.800	1.0	24
-12.100	96.800	1.0	29
-12.100	96.800	1.0	30
-12.100	96.800	1.0	32
-12.100	96.800	1.0	34
-12.100	96.800	1.0	38
-12.100	96.800	1.0	39
-12.100	96.800	1.0	45
-12.100	96.800	1.0	48
-12.100	96.800	1.0	49
-12.100	96.800	1.0	50
-12.100	96.800	1.0	56
-12.100	96.800	1.0	57
-12.100	96.800	1.0	58
-12.100	96.800	1.0	60
-12.100	96.800	1.0	65
-12.100	96.800	2.0	66
-12.100	96.800	1.0	77
-12.100	96.800	2.0	79
-12.100	96.800	1.0	84
-12.100	96.800	1.0	89
-12.100	96.800	1.0	104
-12.100	96.800	1.0	108
-12.100	96.800	1.0	114
-12.100	96.800	1.0	117
-12.100	96.800	1.0	120
-12.100	96.800	1.0	122
-12.100	96.800	1.0	124
-12.100	96.800	1.0	125
-12.100	96.800	2.0	130
-12.100	96.800	1.0	132
-12.100	96.800	2.0	136
-12.100	96.800	1.0	138
-12.100	96.800	3.0	143
-12.100	96.800	3.0	144
-12.100	96.800	2.0	147
-12.100	96.800	2.0	153
-12.100	96.800	2.0	156
-12.100	96.800	2.0	157
-12.100	96.800	1.0	161
-12.100	96.800	1.0	163
-12.100	96.800	1.0	164
-12.100	96.800	1.0	167
-12.100	96.800	1.0	171
-12.100	96.800	1.0	CV15
24.800	-110.600	49.0	Acoustic facies A_outer-shelf silt facies
24.800	-110.600	19.0	Acoustic facies B_biogenic sand facies
24.800	-110.600	14.0	Acoustic facies C_peripheral rhodolith facies
24.800	-110.600	18.0	Acoustic facies D_central rhodolith facies
24.400	-110.300	35.0	La-Paz Area
-11.560	47.320	10.0	151
-11.560	47.320	5.0	150
-11.560	47.320	1.0	149
-11.560	47.320	5.0	138
-11.560	47.320	5.0	137
-11.560	47.320	7.0	113
-11.560	47.320	10.0	121
-11.560	47.320	10.0	120
-11.560	47.320	10.0	183
-11.560	47.320	15.0	184
-11.560	47.320	12.0	186
-11.560	47.320	15.0	219
-11.560	47.320	18.0	220
-11.560	47.320	20.0	221
-11.560	47.320	20.0	215
-11.560	47.320	20.0	214
-11.560	47.320	22.0	213
-17.040	42.720	1.0	51
-17.040	42.720	1.0	96
-17.040	42.720	1.0	97
-17.040	42.720	2.0	98
-17.040	42.720	3.0	99
-17.040	42.720	10.0	100
-17.040	42.720	20.0	107
-17.040	42.720	22.0	47
-17.040	42.720	22.0	46
-17.040	42.720	22.0	66
-17.040	42.720	20.0	65
-17.040	42.720	15.0	64
-22.330	40.370	15.0	32
-22.330	40.370	10.0	14
-22.330	40.370	3.0	15
-22.330	40.370	1.0	17
-22.330	40.370	1.0	16
-22.330	40.370	1.0	1
-22.330	40.370	1.0	8
-22.330	40.370	1.0	7
-22.330	40.370	1.0	2
-22.330	40.370	1.0	4
-22.330	40.370	1.0	3
-7.508	-34.788	10.0	PL01
-7.514	-34.717	15.9	PL02
-7.514	-34.674	22.0	PL03
-7.522	-34.647	27.0	PL04
-7.536	-34.760	10.5	PL05
-7.537	-34.690	20.7	PL06
-7.548	-34.649	24.0	PL07
-7.562	-34.776	9.9	PL08
-7.563	-34.705	21.5	PL09
-7.573	-34.634	31.0	PL10
-7.587	-34.735	17.7	PL11
-7.597	-34.692	25.0	PL12
-7.587	-34.665	25.2	PL13
-7.586	-34.636	30.5	PL14
-7.748	-34.781	18.0	PL15
-7.760	-34.740	25.0	PL16
-7.762	-34.684	31.0	PL17
-7.773	-34.770	19.8	PL18
-7.772	-34.742	25.4	PL19
-7.772	-34.700	30.0	PL20
-7.797	-34.770	20.1	PL21
-7.797	-34.742	24.0	PL22
-7.796	-34.714	30.3	PL23
-7.825	-34.756	0.0	PL24
-7.826	-34.741	25.5	PL25
-7.824	-34.699	29.7	PL26
-7.854	-34.798	13.5	PL27
-7.853	-34.784	19.5	PL28
-7.853	-34.755	23.5	PL29
-7.853	-34.740	26.0	PL30
-7.853	-34.698	30.2	PL31
-8.044	-34.841	11.5	PL32
-8.044	-34.810	16.5	PL33
-8.045	-34.750	24.4	PL34
-8.079	-34.865	10.6	PL35
-8.079	-34.819	18.2	PL36
-8.097	-34.727	30.5	PL37
-8.117	-34.811	21.0	PL38
-8.116	-34.729	31.3	PL39
-8.131	-34.877	7.9	PL40
-8.196	-34.891	15.1	PL41
-8.198	-34.789	28.7	PL42
-8.222	-34.869	20.0	PL43
-8.244	-34.928	10.3	PL44
-8.247	-34.884	20.3	PL45
-8.292	-34.945	9.5	PL46
-8.295	-34.875	21.3	PL47
-8.295	-34.821	30.1	PL48
-8.318	-34.942	12.6	PL49
-8.319	-34.899	17.3	PL50
-8.323	-34.843	27.2	PL51
-8.342	-34.927	13.2	PL52
-8.343	-34.884	22.6	PL53
-8.344	-34.843	26.5	PL54
-8.397	-34.942	18.0	PL55
-8.398	-34.913	19.0	PL56
-8.397	-34.843	31.0	PL57
-8.406	-34.943	18.0	PL58
-8.407	-34.915	22.0	PL59
-8.424	-34.847	31.0	PL60
-8.421	-34.968	13.5	PL61
-8.420	-34.942	20.0	PL62
-8.439	-34.856	32.5	PL63
-12.870	-38.570	16.0	Average
-12.870	-38.570	16.0	Cascalho_1974
-12.870	-38.570	16.0	Cascalho_1997
-12.870	-38.570	16.0	Areia_1974
-12.870	-38.570	16.0	Areia_1997
-17.992	-39.199	10.0	1
-17.948	-39.145	10.0	2
-18.019	-38.925	15.0	3
-18.008	-38.914	15.0	4
-18.005	-38.941	15.0	5
-17.956	-39.142	10.0	6
-17.978	-38.892	15.0	7
-17.090	-39.097	10.0	10
-16.973	-39.000	15.0	11
-17.000	-39.054	10.0	12
-16.946	-39.046	10.0	13
-16.880	-39.008	10.0	14
-16.872	-38.973	10.0	15
-16.888	-39.016	10.0	16
-16.891	-39.003	10.0	17
-16.883	-38.995	10.0	18
-17.700	-38.925	10.0	19
-17.738	-38.847	15.0	20
-17.809	-38.852	10.0	21
-17.902	-39.073	15.0	22
-17.864	-38.909	10.0	23
-17.804	-38.941	10.0	24
-17.981	-38.774	15.0	25
-17.995	-38.629	15.0	26
-17.706	-38.530	25.0	27
-17.722	-38.535	25.0	28
-17.989	-38.688	15.0	29
-18.005	-38.565	15.0	30
-18.090	-38.516	25.0	31
-17.962	-38.637	15.0	32
-17.899	-38.613	15.0	33
-17.970	-38.586	10.0	34
-18.044	-38.602	15.0	35
-17.676	-38.892	15.0	36
-17.747	-38.903	10.0	37
-17.499	-38.941	10.0	38
-17.455	-38.960	10.0	39
-17.471	-38.954	10.0	40
-17.346	-38.801	25.0	41
-17.420	-38.895	20.0	42
-17.599	-38.976	10.0	43
-17.695	-38.992	10.0	44
-17.779	-38.973	10.0	45
8.070	134.700	10.0	14
8.070	134.700	10.0	15
8.070	134.700	10.0	1
8.070	134.700	10.0	5
8.070	134.700	10.0	8
8.070	134.700	10.0	9
8.070	134.700	10.0	13
8.070	134.700	10.0	10
8.070	134.700	10.0	4
8.070	134.700	10.0	2
8.070	134.700	10.0	7
8.070	134.700	10.0	11
8.070	134.700	10.0	12
8.070	134.700	10.0	3
8.070	134.700	12.0	6
7.110	171.180	5.0	2
7.110	171.180	5.0	13
7.110	171.180	5.0	19
7.110	171.180	8.0	1
7.110	171.180	31.0	3
7.110	171.180	32.0	6
7.110	171.180	32.0	8
7.110	171.180	41.0	23
7.110	171.180	42.0	16
7.110	171.180	43.0	14
7.110	171.180	43.0	5
7.110	171.180	43.0	7
7.110	171.180	43.0	21
7.110	171.180	43.0	4
7.110	171.180	43.0	17
7.110	171.180	43.0	10
7.110	171.180	43.0	15
7.110	171.180	43.0	20
7.110	171.180	43.0	11
7.110	171.180	43.0	24
7.110	171.180	43.0	18
7.110	171.180	43.0	12
7.110	171.180	43.0	22
7.110	171.180	43.0	25
7.110	171.180	65.0	9
11.510	162.220	15.0	19
11.510	162.220	15.0	18
11.510	162.220	15.0	22
11.510	162.220	15.0	11
11.510	162.220	15.0	21
11.510	162.220	15.0	1
11.510	162.220	15.0	17
11.510	162.220	15.0	9
11.510	162.220	15.0	7
11.510	162.220	15.0	35
11.510	162.220	15.0	2
11.510	162.220	16.0	28
11.510	162.220	17.0	36
11.510	162.220	17.0	16
11.510	162.220	22.0	29
11.510	162.220	23.0	4
11.510	162.220	23.0	10
11.510	162.220	23.0	20
11.510	162.220	23.0	3
11.510	162.220	28.0	24
11.510	162.220	29.0	37
11.510	162.220	40.0	39
11.510	162.220	41.0	15
11.510	162.220	41.0	26
11.510	162.220	41.0	44
11.510	162.220	41.0	5
11.510	162.220	41.0	6
11.510	162.220	41.0	8
11.510	162.220	41.0	13
11.510	162.220	41.0	14
11.510	162.220	41.0	23
11.510	162.220	41.0	27
11.510	162.220	41.0	30
11.510	162.220	41.0	40
11.510	162.220	41.0	25
11.510	162.220	41.0	34
11.510	162.220	41.0	12
11.510	162.220	41.0	38
11.510	162.220	41.0	43
11.510	162.220	41.0	31
11.510	162.220	41.0	32
11.510	162.220	41.0	41
11.510	162.220	41.0	42
11.510	162.220	64.0	33
-22.160	167.060	110.0	DR52
-21.120	165.760	150.0	DR36
-21.140	165.750	170.0	DR35
20.150	163.760	200.0	DR11
20.130	163.760	200.0	DR14
-29.450	159.090	368.0	32
-29.450	159.090	121.0	31
-29.450	159.090	167.0	30
-29.450	159.090	274.0	29
-29.450	159.090	34.0	25
-29.450	159.090	67.0	27
-29.450	159.090	298.0	28
-29.450	159.090	54.0	21
-29.450	159.090	52.0	22
-29.450	159.090	62.0	23
-29.450	159.090	32.0	26
-29.450	159.090	43.0	20
-29.450	159.090	91.0	34
-29.450	159.090	5.0	L22
-29.450	159.090	5.0	L23
-29.450	159.090	5.0	L24
-29.450	159.090	5.0	L25
-29.450	159.090	5.0	L30
-29.450	159.090	5.0	L28
-29.450	159.090	5.0	L29
-29.450	159.090	5.0	L38
-29.450	159.090	139.0	35
-29.450	159.090	254.0	36
-29.450	159.090	118.0	37
-29.450	159.090	295.0	38
-29.940	159.060	5.0	4
-29.940	159.060	5.0	2
-29.940	159.060	5.0	9
-29.940	159.060	5.0	16
-29.940	159.060	5.0	11
-29.940	159.060	5.0	12
-29.940	159.060	5.0	19
-29.940	159.060	5.0	21
-29.940	159.060	5.0	41
-29.940	159.060	5.0	40
-29.940	159.060	5.0	39
-29.940	159.060	5.0	35
-29.940	159.060	5.0	34
-29.940	159.060	5.0	33
-6.250	39.100	2.0	coastal zone
-6.250	39.100	12.0	reef platform/patch reefs
-6.250	39.100	25.0	central channel
-72.000	175.000	500.0	Barnacle Gravel
-72.000	175.000	800.0	Bryozoan Gravel and Variably Muddy Sand
-72.000	175.000	480.0	Stylasterine Gravel and Sand
-72.000	175.000	350.0	Microbioclastic Sand
-72.000	175.000	700.0	Pelagic Muddy Sand
68.100	13.200	9.0	1
68.100	13.200	9.0	2
68.100	13.200	9.0	3
68.100	13.200	9.0	4
68.100	13.200	9.0	5
68.100	13.200	9.0	6
-25.990	32.910	5.0	T2western shore seagrass_1
-25.990	32.910	5.0	T2western shore seagrass_2
-25.990	32.910	5.0	T2western shore seagrass_3
-25.990	32.910	5.0	T2western shore seagrass_4
-25.990	32.910	5.0	T2western shore seagrass_5
-25.990	32.910	5.0	T2western shore seagrass_6
-25.990	32.910	5.0	T2western shore seagrass_7
-25.990	32.910	5.0	T2western shore seagrass_8
-25.990	32.910	5.0	T2western shore seagrass_9
-25.990	32.910	5.0	T2western shore seagrass_10
-26.020	32.900	5.0	T3BarreiraVermelha_1
-26.020	32.900	5.0	T3BarreiraVermelha_2
-26.020	32.900	5.0	T3BarreiraVermelha_3
-26.020	32.900	5.0	T3BarreiraVermelha_4
-26.020	32.900	5.0	T3BarreiraVermelha_5
-26.020	32.900	10.0	T3BarreiraVermelha_6
-26.020	32.900	10.0	T3BarreiraVermelha_7
-26.020	32.900	10.0	T3BarreiraVermelha_8
-26.020	32.900	10.0	T3BarreiraVermelha_9
-26.020	32.900	10.0	T3BarreiraVermelha_10
-26.020	32.900	10.0	T3BarreiraVermelha_11
-26.020	32.900	10.0	T3BarreiraVermelha_12
-26.020	32.900	15.0	T3BarreiraVermelha_13
-26.020	32.900	20.0	T3BarreiraVermelha_14
-26.020	32.900	20.0	T3BarreiraVermelha_15
-26.070	32.950	0.1	T6Pontatorres_1
-26.070	32.950	1.0	T6Pontatorres_2
-26.070	32.950	2.5	T6Pontatorres_3
-26.070	32.950	5.0	T6Pontatorres_4
-26.070	32.950	6.5	T6Pontatorres_5
-26.070	32.950	7.0	T6Pontatorres_6
-26.070	32.950	7.5	T6Pontatorres_7
